bin,count,avg_pred,avg_true,abs_gap
9,121,0.9835878123049917,1.0,0.016412187695008296
