bin,count,avg_pred,avg_true,abs_gap
7,8,0.7710030124754896,1.0,0.22899698752451036
8,23,0.8548191997630852,1.0,0.14518080023691482
9,92,0.9729261744783873,1.0,0.02707382552161275
