{
  "winner": "catboost_xgboost_lgbm_equal",
  "weights": {
    "catboost": 0.3333333333333333,
    "xgboost": 0.3333333333333333,
    "lgbm": 0.3333333333333333
  },
  "cv_log_loss": 0.5116835971252431,
  "cv_brier": 0.17462409587654962,
  "cv_accuracy": 0.7252859328331026,
  "selection_date": "2026-03-28"
}