{
  "winner": "top3_equal",
  "weights": {
    "lgbm": 0.3333333333333333,
    "xgboost": 0.3333333333333333,
    "catboost": 0.3333333333333333
  },
  "cv_log_loss": 0.5113823270257997,
  "cv_brier": 0.17462247446462306,
  "cv_accuracy": 0.7255009173866025,
  "selection_date": "2026-03-20"
}