{
  "winner": "top3_equal",
  "weights": {
    "xgboost": 0.3333333333333333,
    "lgbm": 0.3333333333333333,
    "catboost": 0.3333333333333333
  },
  "cv_log_loss": 0.5126513249281018,
  "cv_brier": 0.17515941001848315,
  "cv_accuracy": 0.724176478450528,
  "selection_date": "2026-03-19"
}