{
  "method": "split_conformal_absolute_residual",
  "alpha": 0.1,
  "confidence_level": 0.9,
  "residual_quantile": 0.5799442217606895,
  "empirical_coverage": 0.9024691358024691,
  "mean_interval_width": 0.7474391176417757,
  "n_test": 810
}