{
  "method": "split_conformal_absolute_residual",
  "alpha": 0.1,
  "confidence_level": 0.9,
  "residual_quantile": 0.7101768923296132,
  "empirical_coverage": 0.9042386185243328,
  "mean_interval_width": 0.9464956445723632,
  "n_test": 637
}